{
    "auth": {
        "userPoolGroups": {
            "service": "Cognito-UserPool-Groups",
            "providerPlugin": "awscloudformation",
            "dependsOn": [
                {
                    "category": "auth",
                    "resourceName": "BranakAuth",
                    "attributes": [
                        "UserPoolId",
                        "AppClientIDWeb",
                        "AppClientID",
                        "IdentityPoolId"
                    ]
                }
            ]
        },
        "BranakAuth": {
            "service": "Cognito",
            "providerPlugin": "awscloudformation",
            "dependsOn": []
        }
    },
    "api": {
        "BranakGraphQL": {
            "service": "AppSync",
            "providerPlugin": "awscloudformation",
            "output": {
                "authConfig": {
                    "additionalAuthenticationProviders": [],
                    "defaultAuthentication": {
                        "authenticationType": "AMAZON_COGNITO_USER_POOLS",
                        "userPoolConfig": {
                            "userPoolId": "authBranakAuth"
                        }
                    }
                }
            }
        },
        "AdminQueries": {
            "service": "API Gateway",
            "providerPlugin": "awscloudformation",
            "dependsOn": [
                {
                    "category": "auth",
                    "resourceName": "BranakAuth",
                    "attributes": [
                        "UserPoolId"
                    ]
                },
                {
                    "category": "function",
                    "resourceName": "AdminQueriescf1cdf40",
                    "attributes": [
                        "Arn",
                        "Name"
                    ]
                }
            ]
        }
    },
    "hosting": {
        "amplifyhosting": {
            "service": "amplifyhosting",
            "providerPlugin": "awscloudformation",
            "type": "manual"
        }
    },
    "function": {
        "postConfirmationLambda": {
            "build": true,
            "providerPlugin": "awscloudformation",
            "service": "Lambda",
            "dependsOn": [
                {
                    "category": "api",
                    "resourceName": "BranakGraphQL",
                    "attributes": [
                        "GraphQLAPIIdOutput"
                    ]
                },
                {
                    "category": "auth",
                    "resourceName": "BranakAuth",
                    "attributes": [
                        "UserPoolId"
                    ]
                }
            ]
        },
        "AdminQueriescf1cdf40": {
            "service": "Lambda",
            "providerPlugin": "awscloudformation",
            "build": true,
            "dependsOn": [
                {
                    "category": "auth",
                    "resourceName": "BranakAuth",
                    "attributes": [
                        "UserPoolId"
                    ]
                }
            ]
        }
    }
}