{
    "permissions": {
        "auth": {
            "BranakAuth": [
                "create",
                "read",
                "update",
                "delete"
            ]
        },
        "storage": {
            "User:@model(appsync)": [
                "create",
                "read",
                "update",
                "delete"
            ],
            "Teacher:@model(appsync)": [
                "create",
                "read",
                "update",
                "delete"
            ],
            "Student:@model(appsync)": [
                "create",
                "read",
                "update",
                "delete"
            ]
        }
    }
}